run_number,dependency,repository,commit_sha,workflow_id,workflow_conclusion,failure_type,stage,validation_status,matched_pattern,log_file,metadata_file,timestamp
1001,SyntaxError,DhruvHegde/dependency-error-repo,abc1234,300000001,success,F1,build,success,SyntaxError,,,
1002,MissingDependency,DhruvHegde/dependency-error-repo,def5678,300000002,failure,F2,install,failure,MissingDependency,,,
107108441142,TypeError,DhruvHegde/log-generation,dfcb6f158e4bd8054252a4da5d0a9edc2ab15d57,f3_test.yml,failure,F3,test,failure,TypeError,logs/F3/107108441142.log,metadata/F3/107108441142.json,2026-09-23T08:43:36Z
107108441055,IndexError,DhruvHegde/log-generation,dfcb6f158e4bd8054252a4da5d0a9edc2ab15d57,f3_test.yml,failure,F3,test,failure,IndexError,logs/F3/107108441055.log,metadata/F3/107108441055.json,2026-09-23T08:43:35Z
107108441200,TypeError,DhruvHegde/log-generation,dfcb6f158e4bd8054252a4da5d0a9edc2ab15d57,f3_test.yml,failure,F3,test,failure,TypeError,logs/F3/107108441200.log,metadata/F3/107108441200.json,2026-09-23T08:43:40Z
107108441209,AssertionError,DhruvHegde/log-generation,dfcb6f158e4bd8054252a4da5d0a9edc2ab15d57,f3_test.yml,failure,F3,test,failure,AssertionError,logs/F3/107108441209.log,metadata/F3/107108441209.json,2026-09-23T08:43:59Z
107108441211,AttributeError,DhruvHegde/log-generation,dfcb6f158e4bd8054252a4da5d0a9edc2ab15d57,f3_test.yml,failure,F3,test,failure,AttributeError,logs/F3/107108441211.log,metadata/F3/107108441211.json,2026-09-23T08:44:06Z
107108441154,FileNotFoundError,DhruvHegde/log-generation,dfcb6f158e4bd8054252a4da5d0a9edc2ab15d57,f3_test.yml,failure,F3,test,failure,FileNotFoundError,logs/F3/107108441154.log,metadata/F3/107108441154.json,2026-09-23T08:43:58Z
107108441172,AttributeError,DhruvHegde/log-generation,dfcb6f158e4bd8054252a4da5d0a9edc2ab15d57,f3_test.yml,failure,F3,test,failure,AttributeError,logs/F3/107108441172.log,metadata/F3/107108441172.json,2026-09-23T08:43:54Z
107108441217,KeyError,DhruvHegde/log-generation,dfcb6f158e4bd8054252a4da5d0a9edc2ab15d57,f3_test.yml,failure,F3,test,failure,KeyError,logs/F3/107108441217.log,metadata/F3/107108441217.json,2026-09-23T08:43:38Z
107108441201,ValueError,DhruvHegde/log-generation,dfcb6f158e4bd8054252a4da5d0a9edc2ab15d57,f3_test.yml,failure,F3,test,failure,ValueError,logs/F3/107108441201.log,metadata/F3/107108441201.json,2026-09-23T08:43:35Z
107108441135,TypeError,DhruvHegde/log-generation,dfcb6f158e4bd8054252a4da5d0a9edc2ab15d57,f3_test.yml,failure,F3,test,failure,TypeError,logs/F3/107108441135.log,metadata/F3/107108441135.json,2026-09-23T08:43:52Z
107108441079,ZeroDivisionError,DhruvHegde/log-generation,dfcb6f158e4bd8054252a4da5d0a9edc2ab15d57,f3_test.yml,failure,F3,test,failure,ZeroDivisionError,logs/F3/107108441079.log,metadata/F3/107108441079.json,2026-09-23T08:44:00Z
107108441203,AssertionError,DhruvHegde/log-generation,dfcb6f158e4bd8054252a4da5d0a9edc2ab15d57,f3_test.yml,failure,F3,test,failure,AssertionError,logs/F3/107108441203.log,metadata/F3/107108441203.json,2026-09-23T08:43:50Z
107108441234,KeyError,DhruvHegde/log-generation,dfcb6f158e4bd8054252a4da5d0a9edc2ab15d57,f3_test.yml,failure,F3,test,failure,KeyError,logs/F3/107108441234.log,metadata/F3/107108441234.json,2026-09-23T08:43:37Z
107108441169,TypeError,DhruvHegde/log-generation,dfcb6f158e4bd8054252a4da5d0a9edc2ab15d57,f3_test.yml,failure,F3,test,failure,TypeError,logs/F3/107108441169.log,metadata/F3/107108441169.json,2026-09-23T08:44:10Z
107108441197,ZeroDivisionError,DhruvHegde/log-generation,dfcb6f158e4bd8054252a4da5d0a9edc2ab15d57,f3_test.yml,failure,F3,test,failure,ZeroDivisionError,logs/F3/107108441197.log,metadata/F3/107108441197.json,2026-09-23T08:43:46Z
107108441218,ZeroDivisionError,DhruvHegde/log-generation,dfcb6f158e4bd8054252a4da5d0a9edc2ab15d57,f3_test.yml,failure,F3,test,failure,ZeroDivisionError,logs/F3/107108441218.log,metadata/F3/107108441218.json,2026-09-23T08:43:59Z
107108441150,AttributeError,DhruvHegde/log-generation,dfcb6f158e4bd8054252a4da5d0a9edc2ab15d57,f3_test.yml,failure,F3,test,failure,AttributeError,logs/F3/107108441150.log,metadata/F3/107108441150.json,2026-09-23T08:43:45Z
107108441189,AttributeError,DhruvHegde/log-generation,dfcb6f158e4bd8054252a4da5d0a9edc2ab15d57,f3_test.yml,failure,F3,test,failure,AttributeError,logs/F3/107108441189.log,metadata/F3/107108441189.json,2026-09-23T08:44:08Z
107108441092,AssertionError,DhruvHegde/log-generation,dfcb6f158e4bd8054252a4da5d0a9edc2ab15d57,f3_test.yml,failure,F3,test,failure,AssertionError,logs/F3/107108441092.log,metadata/F3/107108441092.json,2026-09-23T08:43:35Z
107108441185,ZeroDivisionError,DhruvHegde/log-generation,dfcb6f158e4bd8054252a4da5d0a9edc2ab15d57,f3_test.yml,failure,F3,test,failure,ZeroDivisionError,logs/F3/107108441185.log,metadata/F3/107108441185.json,2026-09-23T08:43:36Z
107108441224,FileNotFoundError,DhruvHegde/log-generation,dfcb6f158e4bd8054252a4da5d0a9edc2ab15d57,f3_test.yml,failure,F3,test,failure,FileNotFoundError,logs/F3/107108441224.log,metadata/F3/107108441224.json,2026-09-23T08:43:40Z
107108441144,IndexError,DhruvHegde/log-generation,dfcb6f158e4bd8054252a4da5d0a9edc2ab15d57,f3_test.yml,failure,F3,test,failure,IndexError,logs/F3/107108441144.log,metadata/F3/107108441144.json,2026-09-23T08:44:00Z
107108441157,AssertionError,DhruvHegde/log-generation,dfcb6f158e4bd8054252a4da5d0a9edc2ab15d57,f3_test.yml,failure,F3,test,failure,AssertionError,logs/F3/107108441157.log,metadata/F3/107108441157.json,2026-09-23T08:43:43Z
107108441132,TypeError,DhruvHegde/log-generation,dfcb6f158e4bd8054252a4da5d0a9edc2ab15d57,f3_test.yml,failure,F3,test,failure,TypeError,logs/F3/107108441132.log,metadata/F3/107108441132.json,2026-09-23T08:43:48Z
107108441159,AttributeError,DhruvHegde/log-generation,dfcb6f158e4bd8054252a4da5d0a9edc2ab15d57,f3_test.yml,failure,F3,test,failure,AttributeError,logs/F3/107108441159.log,metadata/F3/107108441159.json,2026-09-23T08:43:47Z
107108441220,IndexError,DhruvHegde/log-generation,dfcb6f158e4bd8054252a4da5d0a9edc2ab15d57,f3_test.yml,failure,F3,test,failure,IndexError,logs/F3/107108441220.log,metadata/F3/107108441220.json,2026-09-23T08:43:35Z
107108441198,KeyError,DhruvHegde/log-generation,dfcb6f158e4bd8054252a4da5d0a9edc2ab15d57,f3_test.yml,failure,F3,test,failure,KeyError,logs/F3/107108441198.log,metadata/F3/107108441198.json,2026-09-23T08:43:45Z
107108441070,IndexError,DhruvHegde/log-generation,dfcb6f158e4bd8054252a4da5d0a9edc2ab15d57,f3_test.yml,failure,F3,test,failure,IndexError,logs/F3/107108441070.log,metadata/F3/107108441070.json,2026-09-23T08:43:37Z
107108441105,ValueError,DhruvHegde/log-generation,dfcb6f158e4bd8054252a4da5d0a9edc2ab15d57,f3_test.yml,failure,F3,test,failure,ValueError,logs/F3/107108441105.log,metadata/F3/107108441105.json,2026-09-23T08:43:52Z
107108441146,TypeError,DhruvHegde/log-generation,dfcb6f158e4bd8054252a4da5d0a9edc2ab15d57,f3_test.yml,failure,F3,test,failure,TypeError,logs/F3/107108441146.log,metadata/F3/107108441146.json,2026-09-23T08:43:34Z
107108441219,KeyError,DhruvHegde/log-generation,dfcb6f158e4bd8054252a4da5d0a9edc2ab15d57,f3_test.yml,failure,F3,test,failure,KeyError,logs/F3/107108441219.log,metadata/F3/107108441219.json,2026-09-23T08:43:55Z
107108441177,IndexError,DhruvHegde/log-generation,dfcb6f158e4bd8054252a4da5d0a9edc2ab15d57,f3_test.yml,failure,F3,test,failure,IndexError,logs/F3/107108441177.log,metadata/F3/107108441177.json,2026-09-23T08:43:37Z
107108441246,KeyError,DhruvHegde/log-generation,dfcb6f158e4bd8054252a4da5d0a9edc2ab15d57,f3_test.yml,failure,F3,test,failure,KeyError,logs/F3/107108441246.log,metadata/F3/107108441246.json,2026-09-23T08:43:39Z
107108441242,FileNotFoundError,DhruvHegde/log-generation,dfcb6f158e4bd8054252a4da5d0a9edc2ab15d57,f3_test.yml,failure,F3,test,failure,FileNotFoundError,logs/F3/107108441242.log,metadata/F3/107108441242.json,2026-09-23T08:44:12Z
107108441252,ValueError,DhruvHegde/log-generation,dfcb6f158e4bd8054252a4da5d0a9edc2ab15d57,f3_test.yml,failure,F3,test,failure,ValueError,logs/F3/107108441252.log,metadata/F3/107108441252.json,2026-09-23T08:43:54Z
107108441249,ValueError,DhruvHegde/log-generation,dfcb6f158e4bd8054252a4da5d0a9edc2ab15d57,f3_test.yml,failure,F3,test,failure,ValueError,logs/F3/107108441249.log,metadata/F3/107108441249.json,2026-09-23T08:44:04Z
107108441267,IndexError,DhruvHegde/log-generation,dfcb6f158e4bd8054252a4da5d0a9edc2ab15d57,f3_test.yml,failure,F3,test,failure,IndexError,logs/F3/107108441267.log,metadata/F3/107108441267.json,2026-09-23T08:44:03Z
107108441236,AssertionError,DhruvHegde/log-generation,dfcb6f158e4bd8054252a4da5d0a9edc2ab15d57,f3_test.yml,failure,F3,test,failure,AssertionError,logs/F3/107108441236.log,metadata/F3/107108441236.json,2026-09-23T08:44:17Z
107108441280,ValueError,DhruvHegde/log-generation,dfcb6f158e4bd8054252a4da5d0a9edc2ab15d57,f3_test.yml,failure,F3,test,failure,ValueError,logs/F3/107108441280.log,metadata/F3/107108441280.json,2026-09-23T08:43:37Z
107108441275,AssertionError,DhruvHegde/log-generation,dfcb6f158e4bd8054252a4da5d0a9edc2ab15d57,f3_test.yml,failure,F3,test,failure,AssertionError,logs/F3/107108441275.log,metadata/F3/107108441275.json,2026-09-23T08:43:37Z
107108441337,FileNotFoundError,DhruvHegde/log-generation,dfcb6f158e4bd8054252a4da5d0a9edc2ab15d57,f3_test.yml,failure,F3,test,failure,FileNotFoundError,logs/F3/107108441337.log,metadata/F3/107108441337.json,2026-09-23T08:43:49Z
107108441273,AttributeError,DhruvHegde/log-generation,dfcb6f158e4bd8054252a4da5d0a9edc2ab15d57,f3_test.yml,failure,F3,test,failure,AttributeError,logs/F3/107108441273.log,metadata/F3/107108441273.json,2026-09-23T08:43:43Z
107108441278,KeyError,DhruvHegde/log-generation,dfcb6f158e4bd8054252a4da5d0a9edc2ab15d57,f3_test.yml,failure,F3,test,failure,KeyError,logs/F3/107108441278.log,metadata/F3/107108441278.json,2026-09-23T08:44:08Z
107108441427,FileNotFoundError,DhruvHegde/log-generation,dfcb6f158e4bd8054252a4da5d0a9edc2ab15d57,f3_test.yml,failure,F3,test,failure,FileNotFoundError,logs/F3/107108441427.log,metadata/F3/107108441427.json,2026-09-23T08:44:05Z
107108441542,AssertionError,DhruvHegde/log-generation,dfcb6f158e4bd8054252a4da5d0a9edc2ab15d57,f3_test.yml,failure,F3,test,failure,AssertionError,logs/F3/107108441542.log,metadata/F3/107108441542.json,2026-09-23T08:44:01Z
107108441381,AssertionError,DhruvHegde/log-generation,dfcb6f158e4bd8054252a4da5d0a9edc2ab15d57,f3_test.yml,failure,F3,test,failure,AssertionError,logs/F3/107108441381.log,metadata/F3/107108441381.json,2026-09-23T08:44:04Z
107108441294,ValueError,DhruvHegde/log-generation,dfcb6f158e4bd8054252a4da5d0a9edc2ab15d57,f3_test.yml,failure,F3,test,failure,ValueError,logs/F3/107108441294.log,metadata/F3/107108441294.json,2026-09-23T08:44:00Z
107108441255,AttributeError,DhruvHegde/log-generation,dfcb6f158e4bd8054252a4da5d0a9edc2ab15d57,f3_test.yml,failure,F3,test,failure,AttributeError,logs/F3/107108441255.log,metadata/F3/107108441255.json,2026-09-23T08:43:54Z
107108441413,TypeError,DhruvHegde/log-generation,dfcb6f158e4bd8054252a4da5d0a9edc2ab15d57,f3_test.yml,failure,F3,test,failure,TypeError,logs/F3/107108441413.log,metadata/F3/107108441413.json,2026-09-23T08:44:09Z
107108441346,AttributeError,DhruvHegde/log-generation,dfcb6f158e4bd8054252a4da5d0a9edc2ab15d57,f3_test.yml,failure,F3,test,failure,AttributeError,logs/F3/107108441346.log,metadata/F3/107108441346.json,2026-09-23T08:44:02Z
107108441298,ZeroDivisionError,DhruvHegde/log-generation,dfcb6f158e4bd8054252a4da5d0a9edc2ab15d57,f3_test.yml,failure,F3,test,failure,ZeroDivisionError,logs/F3/107108441298.log,metadata/F3/107108441298.json,2026-09-23T08:44:08Z
107108441301,AttributeError,DhruvHegde/log-generation,dfcb6f158e4bd8054252a4da5d0a9edc2ab15d57,f3_test.yml,failure,F3,test,failure,AttributeError,logs/F3/107108441301.log,metadata/F3/107108441301.json,2026-09-23T08:43:49Z
107108441288,AttributeError,DhruvHegde/log-generation,dfcb6f158e4bd8054252a4da5d0a9edc2ab15d57,f3_test.yml,failure,F3,test,failure,AttributeError,logs/F3/107108441288.log,metadata/F3/107108441288.json,2026-09-23T08:44:06Z
107108441372,ValueError,DhruvHegde/log-generation,dfcb6f158e4bd8054252a4da5d0a9edc2ab15d57,f3_test.yml,failure,F3,test,failure,ValueError,logs/F3/107108441372.log,metadata/F3/107108441372.json,2026-09-23T08:44:06Z
107108441320,FileNotFoundError,DhruvHegde/log-generation,dfcb6f158e4bd8054252a4da5d0a9edc2ab15d57,f3_test.yml,failure,F3,test,failure,FileNotFoundError,logs/F3/107108441320.log,metadata/F3/107108441320.json,2026-09-23T08:43:55Z
107108441340,FileNotFoundError,DhruvHegde/log-generation,dfcb6f158e4bd8054252a4da5d0a9edc2ab15d57,f3_test.yml,failure,F3,test,failure,FileNotFoundError,logs/F3/107108441340.log,metadata/F3/107108441340.json,2026-09-23T08:43:51Z
107108441274,ZeroDivisionError,DhruvHegde/log-generation,dfcb6f158e4bd8054252a4da5d0a9edc2ab15d57,f3_test.yml,failure,F3,test,failure,ZeroDivisionError,logs/F3/107108441274.log,metadata/F3/107108441274.json,2026-09-23T08:44:06Z
107108441325,TypeError,DhruvHegde/log-generation,dfcb6f158e4bd8054252a4da5d0a9edc2ab15d57,f3_test.yml,failure,F3,test,failure,TypeError,logs/F3/107108441325.log,metadata/F3/107108441325.json,2026-09-23T08:44:06Z
107108441315,KeyError,DhruvHegde/log-generation,dfcb6f158e4bd8054252a4da5d0a9edc2ab15d57,f3_test.yml,failure,F3,test,failure,KeyError,logs/F3/107108441315.log,metadata/F3/107108441315.json,2026-09-23T08:44:09Z
107108441364,IndexError,DhruvHegde/log-generation,dfcb6f158e4bd8054252a4da5d0a9edc2ab15d57,f3_test.yml,failure,F3,test,failure,IndexError,logs/F3/107108441364.log,metadata/F3/107108441364.json,2026-09-23T08:43:45Z
107108441367,ZeroDivisionError,DhruvHegde/log-generation,dfcb6f158e4bd8054252a4da5d0a9edc2ab15d57,f3_test.yml,failure,F3,test,failure,ZeroDivisionError,logs/F3/107108441367.log,metadata/F3/107108441367.json,2026-09-23T08:43:55Z
107108441256,KeyError,DhruvHegde/log-generation,dfcb6f158e4bd8054252a4da5d0a9edc2ab15d57,f3_test.yml,failure,F3,test,failure,KeyError,logs/F3/107108441256.log,metadata/F3/107108441256.json,2026-09-23T08:43:45Z
107108441394,AssertionError,DhruvHegde/log-generation,dfcb6f158e4bd8054252a4da5d0a9edc2ab15d57,f3_test.yml,failure,F3,test,failure,AssertionError,logs/F3/107108441394.log,metadata/F3/107108441394.json,2026-09-23T08:43:53Z
107108441486,KeyError,DhruvHegde/log-generation,dfcb6f158e4bd8054252a4da5d0a9edc2ab15d57,f3_test.yml,failure,F3,test,failure,KeyError,logs/F3/107108441486.log,metadata/F3/107108441486.json,2026-09-23T08:43:55Z
107108444940,FileNotFoundError,DhruvHegde/log-generation,dfcb6f158e4bd8054252a4da5d0a9edc2ab15d57,f3_test.yml,failure,F3,test,failure,FileNotFoundError,logs/F3/107108444940.log,metadata/F3/107108444940.json,2026-09-23T08:44:12Z
107108444880,AssertionError,DhruvHegde/log-generation,dfcb6f158e4bd8054252a4da5d0a9edc2ab15d57,f3_test.yml,failure,F3,test,failure,AssertionError,logs/F3/107108444880.log,metadata/F3/107108444880.json,2026-09-23T08:44:38Z
107108444945,TypeError,DhruvHegde/log-generation,dfcb6f158e4bd8054252a4da5d0a9edc2ab15d57,f3_test.yml,failure,F3,test,failure,TypeError,logs/F3/107108444945.log,metadata/F3/107108444945.json,2026-09-23T08:44:34Z
107108444932,IndexError,DhruvHegde/log-generation,dfcb6f158e4bd8054252a4da5d0a9edc2ab15d57,f3_test.yml,failure,F3,test,failure,IndexError,logs/F3/107108444932.log,metadata/F3/107108444932.json,2026-09-23T08:44:17Z
107108444928,AttributeError,DhruvHegde/log-generation,dfcb6f158e4bd8054252a4da5d0a9edc2ab15d57,f3_test.yml,failure,F3,test,failure,AttributeError,logs/F3/107108444928.log,metadata/F3/107108444928.json,2026-09-23T08:44:16Z
107108444884,KeyError,DhruvHegde/log-generation,dfcb6f158e4bd8054252a4da5d0a9edc2ab15d57,f3_test.yml,failure,F3,test,failure,KeyError,logs/F3/107108444884.log,metadata/F3/107108444884.json,2026-09-23T08:44:36Z
107108444914,ZeroDivisionError,DhruvHegde/log-generation,dfcb6f158e4bd8054252a4da5d0a9edc2ab15d57,f3_test.yml,failure,F3,test,failure,ZeroDivisionError,logs/F3/107108444914.log,metadata/F3/107108444914.json,2026-09-23T08:44:41Z
107108444953,KeyError,DhruvHegde/log-generation,dfcb6f158e4bd8054252a4da5d0a9edc2ab15d57,f3_test.yml,failure,F3,test,failure,KeyError,logs/F3/107108444953.log,metadata/F3/107108444953.json,2026-09-23T08:44:49Z
107108444968,AssertionError,DhruvHegde/log-generation,dfcb6f158e4bd8054252a4da5d0a9edc2ab15d57,f3_test.yml,failure,F3,test,failure,AssertionError,logs/F3/107108444968.log,metadata/F3/107108444968.json,2026-09-23T08:44:51Z
107108445011,FileNotFoundError,DhruvHegde/log-generation,dfcb6f158e4bd8054252a4da5d0a9edc2ab15d57,f3_test.yml,failure,F3,test,failure,FileNotFoundError,logs/F3/107108445011.log,metadata/F3/107108445011.json,2026-09-23T08:44:35Z
107108444982,ValueError,DhruvHegde/log-generation,dfcb6f158e4bd8054252a4da5d0a9edc2ab15d57,f3_test.yml,failure,F3,test,failure,ValueError,logs/F3/107108444982.log,metadata/F3/107108444982.json,2026-09-23T08:44:41Z
107108445009,ZeroDivisionError,DhruvHegde/log-generation,dfcb6f158e4bd8054252a4da5d0a9edc2ab15d57,f3_test.yml,failure,F3,test,failure,ZeroDivisionError,logs/F3/107108445009.log,metadata/F3/107108445009.json,2026-09-23T08:44:25Z
107108445046,FileNotFoundError,DhruvHegde/log-generation,dfcb6f158e4bd8054252a4da5d0a9edc2ab15d57,f3_test.yml,failure,F3,test,failure,FileNotFoundError,logs/F3/107108445046.log,metadata/F3/107108445046.json,2026-09-23T08:44:28Z
107108445045,TypeError,DhruvHegde/log-generation,dfcb6f158e4bd8054252a4da5d0a9edc2ab15d57,f3_test.yml,failure,F3,test,failure,TypeError,logs/F3/107108445045.log,metadata/F3/107108445045.json,2026-09-23T08:44:28Z
107108444979,IndexError,DhruvHegde/log-generation,dfcb6f158e4bd8054252a4da5d0a9edc2ab15d57,f3_test.yml,failure,F3,test,failure,IndexError,logs/F3/107108444979.log,metadata/F3/107108444979.json,2026-09-23T08:44:30Z
107108445057,FileNotFoundError,DhruvHegde/log-generation,dfcb6f158e4bd8054252a4da5d0a9edc2ab15d57,f3_test.yml,failure,F3,test,failure,FileNotFoundError,logs/F3/107108445057.log,metadata/F3/107108445057.json,2026-09-23T08:44:25Z
107108445041,ValueError,DhruvHegde/log-generation,dfcb6f158e4bd8054252a4da5d0a9edc2ab15d57,f3_test.yml,failure,F3,test,failure,ValueError,logs/F3/107108445041.log,metadata/F3/107108445041.json,2026-09-23T08:44:31Z
107108445055,IndexError,DhruvHegde/log-generation,dfcb6f158e4bd8054252a4da5d0a9edc2ab15d57,f3_test.yml,failure,F3,test,failure,IndexError,logs/F3/107108445055.log,metadata/F3/107108445055.json,2026-09-23T08:44:29Z
107108445015,FileNotFoundError,DhruvHegde/log-generation,dfcb6f158e4bd8054252a4da5d0a9edc2ab15d57,f3_test.yml,failure,F3,test,failure,FileNotFoundError,logs/F3/107108445015.log,metadata/F3/107108445015.json,2026-09-23T08:44:30Z
107108445138,AttributeError,DhruvHegde/log-generation,dfcb6f158e4bd8054252a4da5d0a9edc2ab15d57,f3_test.yml,failure,F3,test,failure,AttributeError,logs/F3/107108445138.log,metadata/F3/107108445138.json,2026-09-23T08:44:31Z
107108445100,IndexError,DhruvHegde/log-generation,dfcb6f158e4bd8054252a4da5d0a9edc2ab15d57,f3_test.yml,failure,F3,test,failure,IndexError,logs/F3/107108445100.log,metadata/F3/107108445100.json,2026-09-23T08:44:27Z
107108445127,ValueError,DhruvHegde/log-generation,dfcb6f158e4bd8054252a4da5d0a9edc2ab15d57,f3_test.yml,failure,F3,test,failure,ValueError,logs/F3/107108445127.log,metadata/F3/107108445127.json,2026-09-23T08:44:23Z
107108445018,FileNotFoundError,DhruvHegde/log-generation,dfcb6f158e4bd8054252a4da5d0a9edc2ab15d57,f3_test.yml,failure,F3,test,failure,FileNotFoundError,logs/F3/107108445018.log,metadata/F3/107108445018.json,2026-09-23T08:44:18Z
107108444988,TypeError,DhruvHegde/log-generation,dfcb6f158e4bd8054252a4da5d0a9edc2ab15d57,f3_test.yml,failure,F3,test,failure,TypeError,logs/F3/107108444988.log,metadata/F3/107108444988.json,2026-09-23T08:44:18Z
107108445091,KeyError,DhruvHegde/log-generation,dfcb6f158e4bd8054252a4da5d0a9edc2ab15d57,f3_test.yml,failure,F3,test,failure,KeyError,logs/F3/107108445091.log,metadata/F3/107108445091.json,2026-09-23T08:44:29Z
107108445103,KeyError,DhruvHegde/log-generation,dfcb6f158e4bd8054252a4da5d0a9edc2ab15d57,f3_test.yml,failure,F3,test,failure,KeyError,logs/F3/107108445103.log,metadata/F3/107108445103.json,2026-09-23T08:44:19Z
107108444990,FileNotFoundError,DhruvHegde/log-generation,dfcb6f158e4bd8054252a4da5d0a9edc2ab15d57,f3_test.yml,failure,F3,test,failure,FileNotFoundError,logs/F3/107108444990.log,metadata/F3/107108444990.json,2026-09-23T08:44:14Z
107108445028,ValueError,DhruvHegde/log-generation,dfcb6f158e4bd8054252a4da5d0a9edc2ab15d57,f3_test.yml,failure,F3,test,failure,ValueError,logs/F3/107108445028.log,metadata/F3/107108445028.json,2026-09-23T08:44:43Z
107108445139,ZeroDivisionError,DhruvHegde/log-generation,dfcb6f158e4bd8054252a4da5d0a9edc2ab15d57,f3_test.yml,failure,F3,test,failure,ZeroDivisionError,logs/F3/107108445139.log,metadata/F3/107108445139.json,2026-09-23T08:44:38Z
107108445136,KeyError,DhruvHegde/log-generation,dfcb6f158e4bd8054252a4da5d0a9edc2ab15d57,f3_test.yml,failure,F3,test,failure,KeyError,logs/F3/107108445136.log,metadata/F3/107108445136.json,2026-09-23T08:44:31Z
107108445147,AssertionError,DhruvHegde/log-generation,dfcb6f158e4bd8054252a4da5d0a9edc2ab15d57,f3_test.yml,failure,F3,test,failure,AssertionError,logs/F3/107108445147.log,metadata/F3/107108445147.json,2026-09-23T08:44:20Z
107108445134,ValueError,DhruvHegde/log-generation,dfcb6f158e4bd8054252a4da5d0a9edc2ab15d57,f3_test.yml,failure,F3,test,failure,ValueError,logs/F3/107108445134.log,metadata/F3/107108445134.json,2026-09-23T08:44:45Z
107108445187,ZeroDivisionError,DhruvHegde/log-generation,dfcb6f158e4bd8054252a4da5d0a9edc2ab15d57,f3_test.yml,failure,F3,test,failure,ZeroDivisionError,logs/F3/107108445187.log,metadata/F3/107108445187.json,2026-09-23T08:44:20Z
107108445191,ZeroDivisionError,DhruvHegde/log-generation,dfcb6f158e4bd8054252a4da5d0a9edc2ab15d57,f3_test.yml,failure,F3,test,failure,ZeroDivisionError,logs/F3/107108445191.log,metadata/F3/107108445191.json,2026-09-23T08:44:15Z
107108445207,TypeError,DhruvHegde/log-generation,dfcb6f158e4bd8054252a4da5d0a9edc2ab15d57,f3_test.yml,failure,F3,test,failure,TypeError,logs/F3/107108445207.log,metadata/F3/107108445207.json,2026-09-23T08:44:26Z
107108445201,FileNotFoundError,DhruvHegde/log-generation,dfcb6f158e4bd8054252a4da5d0a9edc2ab15d57,f3_test.yml,failure,F3,test,failure,FileNotFoundError,logs/F3/107108445201.log,metadata/F3/107108445201.json,2026-09-23T08:44:36Z
107108445206,KeyError,DhruvHegde/log-generation,dfcb6f158e4bd8054252a4da5d0a9edc2ab15d57,f3_test.yml,failure,F3,test,failure,KeyError,logs/F3/107108445206.log,metadata/F3/107108445206.json,2026-09-23T08:44:19Z
107108445172,TypeError,DhruvHegde/log-generation,dfcb6f158e4bd8054252a4da5d0a9edc2ab15d57,f3_test.yml,failure,F3,test,failure,TypeError,logs/F3/107108445172.log,metadata/F3/107108445172.json,2026-09-23T08:44:32Z
107108445217,FileNotFoundError,DhruvHegde/log-generation,dfcb6f158e4bd8054252a4da5d0a9edc2ab15d57,f3_test.yml,failure,F3,test,failure,FileNotFoundError,logs/F3/107108445217.log,metadata/F3/107108445217.json,2026-09-23T08:44:16Z
107108445184,KeyError,DhruvHegde/log-generation,dfcb6f158e4bd8054252a4da5d0a9edc2ab15d57,f3_test.yml,failure,F3,test,failure,KeyError,logs/F3/107108445184.log,metadata/F3/107108445184.json,2026-09-23T08:44:29Z
107108445199,AttributeError,DhruvHegde/log-generation,dfcb6f158e4bd8054252a4da5d0a9edc2ab15d57,f3_test.yml,failure,F3,test,failure,AttributeError,logs/F3/107108445199.log,metadata/F3/107108445199.json,2026-09-23T08:44:41Z
107108445222,IndexError,DhruvHegde/log-generation,dfcb6f158e4bd8054252a4da5d0a9edc2ab15d57,f3_test.yml,failure,F3,test,failure,IndexError,logs/F3/107108445222.log,metadata/F3/107108445222.json,2026-09-23T08:44:41Z
107108445196,FileNotFoundError,DhruvHegde/log-generation,dfcb6f158e4bd8054252a4da5d0a9edc2ab15d57,f3_test.yml,failure,F3,test,failure,FileNotFoundError,logs/F3/107108445196.log,metadata/F3/107108445196.json,2026-09-23T08:44:55Z
107108445253,TypeError,DhruvHegde/log-generation,dfcb6f158e4bd8054252a4da5d0a9edc2ab15d57,f3_test.yml,failure,F3,test,failure,TypeError,logs/F3/107108445253.log,metadata/F3/107108445253.json,2026-09-23T08:44:20Z
107108445263,IndexError,DhruvHegde/log-generation,dfcb6f158e4bd8054252a4da5d0a9edc2ab15d57,f3_test.yml,failure,F3,test,failure,IndexError,logs/F3/107108445263.log,metadata/F3/107108445263.json,2026-09-23T08:44:19Z
107108445261,ValueError,DhruvHegde/log-generation,dfcb6f158e4bd8054252a4da5d0a9edc2ab15d57,f3_test.yml,failure,F3,test,failure,ValueError,logs/F3/107108445261.log,metadata/F3/107108445261.json,2026-09-23T08:44:22Z
107108445280,ZeroDivisionError,DhruvHegde/log-generation,dfcb6f158e4bd8054252a4da5d0a9edc2ab15d57,f3_test.yml,failure,F3,test,failure,ZeroDivisionError,logs/F3/107108445280.log,metadata/F3/107108445280.json,2026-09-23T08:44:20Z
107108445307,FileNotFoundError,DhruvHegde/log-generation,dfcb6f158e4bd8054252a4da5d0a9edc2ab15d57,f3_test.yml,failure,F3,test,failure,FileNotFoundError,logs/F3/107108445307.log,metadata/F3/107108445307.json,2026-09-23T08:44:44Z
107108445346,FileNotFoundError,DhruvHegde/log-generation,dfcb6f158e4bd8054252a4da5d0a9edc2ab15d57,f3_test.yml,failure,F3,test,failure,FileNotFoundError,logs/F3/107108445346.log,metadata/F3/107108445346.json,2026-09-23T08:44:39Z
107108445289,IndexError,DhruvHegde/log-generation,dfcb6f158e4bd8054252a4da5d0a9edc2ab15d57,f3_test.yml,failure,F3,test,failure,IndexError,logs/F3/107108445289.log,metadata/F3/107108445289.json,2026-09-23T08:44:37Z
107108445344,AssertionError,DhruvHegde/log-generation,dfcb6f158e4bd8054252a4da5d0a9edc2ab15d57,f3_test.yml,failure,F3,test,failure,AssertionError,logs/F3/107108445344.log,metadata/F3/107108445344.json,2026-09-23T08:44:47Z
107108445296,ZeroDivisionError,DhruvHegde/log-generation,dfcb6f158e4bd8054252a4da5d0a9edc2ab15d57,f3_test.yml,failure,F3,test,failure,ZeroDivisionError,logs/F3/107108445296.log,metadata/F3/107108445296.json,2026-09-23T08:44:19Z
107108445268,AttributeError,DhruvHegde/log-generation,dfcb6f158e4bd8054252a4da5d0a9edc2ab15d57,f3_test.yml,failure,F3,test,failure,AttributeError,logs/F3/107108445268.log,metadata/F3/107108445268.json,2026-09-23T08:44:30Z
107108445262,IndexError,DhruvHegde/log-generation,dfcb6f158e4bd8054252a4da5d0a9edc2ab15d57,f3_test.yml,failure,F3,test,failure,IndexError,logs/F3/107108445262.log,metadata/F3/107108445262.json,2026-09-23T08:44:27Z
107108445316,AssertionError,DhruvHegde/log-generation,dfcb6f158e4bd8054252a4da5d0a9edc2ab15d57,f3_test.yml,failure,F3,test,failure,AssertionError,logs/F3/107108445316.log,metadata/F3/107108445316.json,2026-09-23T08:43:47Z
107108445355,ValueError,DhruvHegde/log-generation,dfcb6f158e4bd8054252a4da5d0a9edc2ab15d57,f3_test.yml,failure,F3,test,failure,ValueError,logs/F3/107108445355.log,metadata/F3/107108445355.json,2026-09-23T08:44:43Z
107108445349,FileNotFoundError,DhruvHegde/log-generation,dfcb6f158e4bd8054252a4da5d0a9edc2ab15d57,f3_test.yml,failure,F3,test,failure,FileNotFoundError,logs/F3/107108445349.log,metadata/F3/107108445349.json,2026-09-23T08:44:51Z
107108445405,ValueError,DhruvHegde/log-generation,dfcb6f158e4bd8054252a4da5d0a9edc2ab15d57,f3_test.yml,failure,F3,test,failure,ValueError,logs/F3/107108445405.log,metadata/F3/107108445405.json,2026-09-23T08:44:49Z
107108445386,AttributeError,DhruvHegde/log-generation,dfcb6f158e4bd8054252a4da5d0a9edc2ab15d57,f3_test.yml,failure,F3,test,failure,AttributeError,logs/F3/107108445386.log,metadata/F3/107108445386.json,2026-09-23T08:44:42Z
107108445388,ZeroDivisionError,DhruvHegde/log-generation,dfcb6f158e4bd8054252a4da5d0a9edc2ab15d57,f3_test.yml,failure,F3,test,failure,ZeroDivisionError,logs/F3/107108445388.log,metadata/F3/107108445388.json,2026-09-23T08:44:43Z
107108445354,ValueError,DhruvHegde/log-generation,dfcb6f158e4bd8054252a4da5d0a9edc2ab15d57,f3_test.yml,failure,F3,test,failure,ValueError,logs/F3/107108445354.log,metadata/F3/107108445354.json,2026-09-23T08:44:21Z
107108445384,AssertionError,DhruvHegde/log-generation,dfcb6f158e4bd8054252a4da5d0a9edc2ab15d57,f3_test.yml,failure,F3,test,failure,AssertionError,logs/F3/107108445384.log,metadata/F3/107108445384.json,2026-09-23T08:44:46Z
107108445430,AttributeError,DhruvHegde/log-generation,dfcb6f158e4bd8054252a4da5d0a9edc2ab15d57,f3_test.yml,failure,F3,test,failure,AttributeError,logs/F3/107108445430.log,metadata/F3/107108445430.json,2026-09-23T08:44:53Z
107108445514,ValueError,DhruvHegde/log-generation,dfcb6f158e4bd8054252a4da5d0a9edc2ab15d57,f3_test.yml,failure,F3,test,failure,ValueError,logs/F3/107108445514.log,metadata/F3/107108445514.json,2026-09-23T08:44:49Z
107108450729,ZeroDivisionError,DhruvHegde/log-generation,dfcb6f158e4bd8054252a4da5d0a9edc2ab15d57,f3_test.yml,failure,F3,test,failure,ZeroDivisionError,logs/F3/107108450729.log,metadata/F3/107108450729.json,2026-09-23T08:45:07Z
107108450782,ValueError,DhruvHegde/log-generation,dfcb6f158e4bd8054252a4da5d0a9edc2ab15d57,f3_test.yml,failure,F3,test,failure,ValueError,logs/F3/107108450782.log,metadata/F3/107108450782.json,2026-09-23T08:45:12Z
107108450784,TypeError,DhruvHegde/log-generation,dfcb6f158e4bd8054252a4da5d0a9edc2ab15d57,f3_test.yml,failure,F3,test,failure,TypeError,logs/F3/107108450784.log,metadata/F3/107108450784.json,2026-09-23T08:45:02Z
107108450721,AttributeError,DhruvHegde/log-generation,dfcb6f158e4bd8054252a4da5d0a9edc2ab15d57,f3_test.yml,failure,F3,test,failure,AttributeError,logs/F3/107108450721.log,metadata/F3/107108450721.json,2026-09-23T08:45:21Z
107108450816,AttributeError,DhruvHegde/log-generation,dfcb6f158e4bd8054252a4da5d0a9edc2ab15d57,f3_test.yml,failure,F3,test,failure,AttributeError,logs/F3/107108450816.log,metadata/F3/107108450816.json,2026-09-23T08:45:02Z
107108450694,FileNotFoundError,DhruvHegde/log-generation,dfcb6f158e4bd8054252a4da5d0a9edc2ab15d57,f3_test.yml,failure,F3,test,failure,FileNotFoundError,logs/F3/107108450694.log,metadata/F3/107108450694.json,2026-09-23T08:44:13Z
107108450752,FileNotFoundError,DhruvHegde/log-generation,dfcb6f158e4bd8054252a4da5d0a9edc2ab15d57,f3_test.yml,failure,F3,test,failure,FileNotFoundError,logs/F3/107108450752.log,metadata/F3/107108450752.json,2026-09-23T08:45:17Z
107108450888,TypeError,DhruvHegde/log-generation,dfcb6f158e4bd8054252a4da5d0a9edc2ab15d57,f3_test.yml,failure,F3,test,failure,TypeError,logs/F3/107108450888.log,metadata/F3/107108450888.json,2026-09-23T08:45:16Z
107108450889,FileNotFoundError,DhruvHegde/log-generation,dfcb6f158e4bd8054252a4da5d0a9edc2ab15d57,f3_test.yml,failure,F3,test,failure,FileNotFoundError,logs/F3/107108450889.log,metadata/F3/107108450889.json,2026-09-23T08:44:56Z
107108450896,AssertionError,DhruvHegde/log-generation,dfcb6f158e4bd8054252a4da5d0a9edc2ab15d57,f3_test.yml,failure,F3,test,failure,AssertionError,logs/F3/107108450896.log,metadata/F3/107108450896.json,2026-09-23T08:44:54Z
107108450893,ZeroDivisionError,DhruvHegde/log-generation,dfcb6f158e4bd8054252a4da5d0a9edc2ab15d57,f3_test.yml,failure,F3,test,failure,ZeroDivisionError,logs/F3/107108450893.log,metadata/F3/107108450893.json,2026-09-23T08:45:17Z
107108450812,ValueError,DhruvHegde/log-generation,dfcb6f158e4bd8054252a4da5d0a9edc2ab15d57,f3_test.yml,failure,F3,test,failure,ValueError,logs/F3/107108450812.log,metadata/F3/107108450812.json,2026-09-23T08:45:16Z
107108450797,ValueError,DhruvHegde/log-generation,dfcb6f158e4bd8054252a4da5d0a9edc2ab15d57,f3_test.yml,failure,F3,test,failure,ValueError,logs/F3/107108450797.log,metadata/F3/107108450797.json,2026-09-23T08:45:03Z
107108450868,ValueError,DhruvHegde/log-generation,dfcb6f158e4bd8054252a4da5d0a9edc2ab15d57,f3_test.yml,failure,F3,test,failure,ValueError,logs/F3/107108450868.log,metadata/F3/107108450868.json,2026-09-23T08:45:05Z
107108450871,AttributeError,DhruvHegde/log-generation,dfcb6f158e4bd8054252a4da5d0a9edc2ab15d57,f3_test.yml,failure,F3,test,failure,AttributeError,logs/F3/107108450871.log,metadata/F3/107108450871.json,2026-09-23T08:44:59Z
107108450749,IndexError,DhruvHegde/log-generation,dfcb6f158e4bd8054252a4da5d0a9edc2ab15d57,f3_test.yml,failure,F3,test,failure,IndexError,logs/F3/107108450749.log,metadata/F3/107108450749.json,2026-09-23T08:45:15Z
107108450913,IndexError,DhruvHegde/log-generation,dfcb6f158e4bd8054252a4da5d0a9edc2ab15d57,f3_test.yml,failure,F3,test,failure,IndexError,logs/F3/107108450913.log,metadata/F3/107108450913.json,2026-09-23T08:45:14Z
107108450922,AssertionError,DhruvHegde/log-generation,dfcb6f158e4bd8054252a4da5d0a9edc2ab15d57,f3_test.yml,failure,F3,test,failure,AssertionError,logs/F3/107108450922.log,metadata/F3/107108450922.json,2026-09-23T08:44:55Z
107108450902,ZeroDivisionError,DhruvHegde/log-generation,dfcb6f158e4bd8054252a4da5d0a9edc2ab15d57,f3_test.yml,failure,F3,test,failure,ZeroDivisionError,logs/F3/107108450902.log,metadata/F3/107108450902.json,2026-09-23T08:45:05Z
107108450900,AssertionError,DhruvHegde/log-generation,dfcb6f158e4bd8054252a4da5d0a9edc2ab15d57,f3_test.yml,failure,F3,test,failure,AssertionError,logs/F3/107108450900.log,metadata/F3/107108450900.json,2026-09-23T08:45:06Z
107108450943,KeyError,DhruvHegde/log-generation,dfcb6f158e4bd8054252a4da5d0a9edc2ab15d57,f3_test.yml,failure,F3,test,failure,KeyError,logs/F3/107108450943.log,metadata/F3/107108450943.json,2026-09-23T08:44:58Z
107108450923,TypeError,DhruvHegde/log-generation,dfcb6f158e4bd8054252a4da5d0a9edc2ab15d57,f3_test.yml,failure,F3,test,failure,TypeError,logs/F3/107108450923.log,metadata/F3/107108450923.json,2026-09-23T08:45:03Z
107108450940,AssertionError,DhruvHegde/log-generation,dfcb6f158e4bd8054252a4da5d0a9edc2ab15d57,f3_test.yml,failure,F3,test,failure,AssertionError,logs/F3/107108450940.log,metadata/F3/107108450940.json,2026-09-23T08:45:18Z
107108450945,FileNotFoundError,DhruvHegde/log-generation,dfcb6f158e4bd8054252a4da5d0a9edc2ab15d57,f3_test.yml,failure,F3,test,failure,FileNotFoundError,logs/F3/107108450945.log,metadata/F3/107108450945.json,2026-09-23T08:44:55Z
107108450937,IndexError,DhruvHegde/log-generation,dfcb6f158e4bd8054252a4da5d0a9edc2ab15d57,f3_test.yml,failure,F3,test,failure,IndexError,logs/F3/107108450937.log,metadata/F3/107108450937.json,2026-09-23T08:45:24Z
107108450929,AttributeError,DhruvHegde/log-generation,dfcb6f158e4bd8054252a4da5d0a9edc2ab15d57,f3_test.yml,failure,F3,test,failure,AttributeError,logs/F3/107108450929.log,metadata/F3/107108450929.json,2026-09-23T08:45:19Z
107108451003,IndexError,DhruvHegde/log-generation,dfcb6f158e4bd8054252a4da5d0a9edc2ab15d57,f3_test.yml,failure,F3,test,failure,IndexError,logs/F3/107108451003.log,metadata/F3/107108451003.json,2026-09-23T08:45:07Z
107108450983,TypeError,DhruvHegde/log-generation,dfcb6f158e4bd8054252a4da5d0a9edc2ab15d57,f3_test.yml,failure,F3,test,failure,TypeError,logs/F3/107108450983.log,metadata/F3/107108450983.json,2026-09-23T08:44:58Z
107108451014,ValueError,DhruvHegde/log-generation,dfcb6f158e4bd8054252a4da5d0a9edc2ab15d57,f3_test.yml,failure,F3,test,failure,ValueError,logs/F3/107108451014.log,metadata/F3/107108451014.json,2026-09-23T08:44:55Z
107108450967,KeyError,DhruvHegde/log-generation,dfcb6f158e4bd8054252a4da5d0a9edc2ab15d57,f3_test.yml,failure,F3,test,failure,KeyError,logs/F3/107108450967.log,metadata/F3/107108450967.json,2026-09-23T08:45:01Z
107108450984,FileNotFoundError,DhruvHegde/log-generation,dfcb6f158e4bd8054252a4da5d0a9edc2ab15d57,f3_test.yml,failure,F3,test,failure,FileNotFoundError,logs/F3/107108450984.log,metadata/F3/107108450984.json,2026-09-23T08:45:21Z
107108451004,IndexError,DhruvHegde/log-generation,dfcb6f158e4bd8054252a4da5d0a9edc2ab15d57,f3_test.yml,failure,F3,test,failure,IndexError,logs/F3/107108451004.log,metadata/F3/107108451004.json,2026-09-23T08:45:01Z
107108451019,TypeError,DhruvHegde/log-generation,dfcb6f158e4bd8054252a4da5d0a9edc2ab15d57,f3_test.yml,failure,F3,test,failure,TypeError,logs/F3/107108451019.log,metadata/F3/107108451019.json,2026-09-23T08:45:27Z
107108451020,TypeError,DhruvHegde/log-generation,dfcb6f158e4bd8054252a4da5d0a9edc2ab15d57,f3_test.yml,failure,F3,test,failure,TypeError,logs/F3/107108451020.log,metadata/F3/107108451020.json,2026-09-23T08:45:05Z
107108451016,TypeError,DhruvHegde/log-generation,dfcb6f158e4bd8054252a4da5d0a9edc2ab15d57,f3_test.yml,failure,F3,test,failure,TypeError,logs/F3/107108451016.log,metadata/F3/107108451016.json,2026-09-23T08:45:13Z
107108451068,FileNotFoundError,DhruvHegde/log-generation,dfcb6f158e4bd8054252a4da5d0a9edc2ab15d57,f3_test.yml,failure,F3,test,failure,FileNotFoundError,logs/F3/107108451068.log,metadata/F3/107108451068.json,2026-09-23T08:45:16Z
107108451069,AttributeError,DhruvHegde/log-generation,dfcb6f158e4bd8054252a4da5d0a9edc2ab15d57,f3_test.yml,failure,F3,test,failure,AttributeError,logs/F3/107108451069.log,metadata/F3/107108451069.json,2026-09-23T08:45:12Z
107108451055,IndexError,DhruvHegde/log-generation,dfcb6f158e4bd8054252a4da5d0a9edc2ab15d57,f3_test.yml,failure,F3,test,failure,IndexError,logs/F3/107108451055.log,metadata/F3/107108451055.json,2026-09-23T08:45:13Z
107108451045,ZeroDivisionError,DhruvHegde/log-generation,dfcb6f158e4bd8054252a4da5d0a9edc2ab15d57,f3_test.yml,failure,F3,test,failure,ZeroDivisionError,logs/F3/107108451045.log,metadata/F3/107108451045.json,2026-09-23T08:45:26Z
107108451033,TypeError,DhruvHegde/log-generation,dfcb6f158e4bd8054252a4da5d0a9edc2ab15d57,f3_test.yml,failure,F3,test,failure,TypeError,logs/F3/107108451033.log,metadata/F3/107108451033.json,2026-09-23T08:44:53Z
107108451062,ZeroDivisionError,DhruvHegde/log-generation,dfcb6f158e4bd8054252a4da5d0a9edc2ab15d57,f3_test.yml,failure,F3,test,failure,ZeroDivisionError,logs/F3/107108451062.log,metadata/F3/107108451062.json,2026-09-23T08:45:17Z
107108451074,AssertionError,DhruvHegde/log-generation,dfcb6f158e4bd8054252a4da5d0a9edc2ab15d57,f3_test.yml,failure,F3,test,failure,AssertionError,logs/F3/107108451074.log,metadata/F3/107108451074.json,2026-09-23T08:45:05Z
107108451071,FileNotFoundError,DhruvHegde/log-generation,dfcb6f158e4bd8054252a4da5d0a9edc2ab15d57,f3_test.yml,failure,F3,test,failure,FileNotFoundError,logs/F3/107108451071.log,metadata/F3/107108451071.json,2026-09-23T08:45:26Z
107108451122,AttributeError,DhruvHegde/log-generation,dfcb6f158e4bd8054252a4da5d0a9edc2ab15d57,f3_test.yml,failure,F3,test,failure,AttributeError,logs/F3/107108451122.log,metadata/F3/107108451122.json,2026-09-23T08:45:14Z
107108451112,KeyError,DhruvHegde/log-generation,dfcb6f158e4bd8054252a4da5d0a9edc2ab15d57,f3_test.yml,failure,F3,test,failure,KeyError,logs/F3/107108451112.log,metadata/F3/107108451112.json,2026-09-23T08:44:52Z
107108451095,IndexError,DhruvHegde/log-generation,dfcb6f158e4bd8054252a4da5d0a9edc2ab15d57,f3_test.yml,failure,F3,test,failure,IndexError,logs/F3/107108451095.log,metadata/F3/107108451095.json,2026-09-23T08:44:52Z
107108451086,KeyError,DhruvHegde/log-generation,dfcb6f158e4bd8054252a4da5d0a9edc2ab15d57,f3_test.yml,failure,F3,test,failure,KeyError,logs/F3/107108451086.log,metadata/F3/107108451086.json,2026-09-23T08:45:10Z
107108451080,IndexError,DhruvHegde/log-generation,dfcb6f158e4bd8054252a4da5d0a9edc2ab15d57,f3_test.yml,failure,F3,test,failure,IndexError,logs/F3/107108451080.log,metadata/F3/107108451080.json,2026-09-23T08:44:42Z
107108451152,KeyError,DhruvHegde/log-generation,dfcb6f158e4bd8054252a4da5d0a9edc2ab15d57,f3_test.yml,failure,F3,test,failure,KeyError,logs/F3/107108451152.log,metadata/F3/107108451152.json,2026-09-23T08:45:26Z
107108451125,ValueError,DhruvHegde/log-generation,dfcb6f158e4bd8054252a4da5d0a9edc2ab15d57,f3_test.yml,failure,F3,test,failure,ValueError,logs/F3/107108451125.log,metadata/F3/107108451125.json,2026-09-23T08:45:04Z
107108451136,TypeError,DhruvHegde/log-generation,dfcb6f158e4bd8054252a4da5d0a9edc2ab15d57,f3_test.yml,failure,F3,test,failure,TypeError,logs/F3/107108451136.log,metadata/F3/107108451136.json,2026-09-23T08:45:06Z
107108451083,TypeError,DhruvHegde/log-generation,dfcb6f158e4bd8054252a4da5d0a9edc2ab15d57,f3_test.yml,failure,F3,test,failure,TypeError,logs/F3/107108451083.log,metadata/F3/107108451083.json,2026-09-23T08:45:00Z
107108451144,FileNotFoundError,DhruvHegde/log-generation,dfcb6f158e4bd8054252a4da5d0a9edc2ab15d57,f3_test.yml,failure,F3,test,failure,FileNotFoundError,logs/F3/107108451144.log,metadata/F3/107108451144.json,2026-09-23T08:45:26Z
107108451105,ZeroDivisionError,DhruvHegde/log-generation,dfcb6f158e4bd8054252a4da5d0a9edc2ab15d57,f3_test.yml,failure,F3,test,failure,ZeroDivisionError,logs/F3/107108451105.log,metadata/F3/107108451105.json,2026-09-23T08:45:11Z
107108451174,AttributeError,DhruvHegde/log-generation,dfcb6f158e4bd8054252a4da5d0a9edc2ab15d57,f3_test.yml,failure,F3,test,failure,AttributeError,logs/F3/107108451174.log,metadata/F3/107108451174.json,2026-09-23T08:44:42Z
107108451160,AttributeError,DhruvHegde/log-generation,dfcb6f158e4bd8054252a4da5d0a9edc2ab15d57,f3_test.yml,failure,F3,test,failure,AttributeError,logs/F3/107108451160.log,metadata/F3/107108451160.json,2026-09-23T08:46:03Z
107108451177,ZeroDivisionError,DhruvHegde/log-generation,dfcb6f158e4bd8054252a4da5d0a9edc2ab15d57,f3_test.yml,failure,F3,test,failure,ZeroDivisionError,logs/F3/107108451177.log,metadata/F3/107108451177.json,2026-09-23T08:45:29Z
107108451180,AttributeError,DhruvHegde/log-generation,dfcb6f158e4bd8054252a4da5d0a9edc2ab15d57,f3_test.yml,failure,F3,test,failure,AttributeError,logs/F3/107108451180.log,metadata/F3/107108451180.json,2026-09-23T08:45:06Z
107108451210,ValueError,DhruvHegde/log-generation,dfcb6f158e4bd8054252a4da5d0a9edc2ab15d57,f3_test.yml,failure,F3,test,failure,ValueError,logs/F3/107108451210.log,metadata/F3/107108451210.json,2026-09-23T08:44:59Z
107108451259,ValueError,DhruvHegde/log-generation,dfcb6f158e4bd8054252a4da5d0a9edc2ab15d57,f3_test.yml,failure,F3,test,failure,ValueError,logs/F3/107108451259.log,metadata/F3/107108451259.json,2026-09-23T08:45:26Z
107108458583,ZeroDivisionError,DhruvHegde/log-generation,dfcb6f158e4bd8054252a4da5d0a9edc2ab15d57,f3_test.yml,failure,F3,test,failure,ZeroDivisionError,logs/F3/107108458583.log,metadata/F3/107108458583.json,2026-09-23T08:45:52Z
107108451216,KeyError,DhruvHegde/log-generation,dfcb6f158e4bd8054252a4da5d0a9edc2ab15d57,f3_test.yml,failure,F3,test,failure,KeyError,logs/F3/107108451216.log,metadata/F3/107108451216.json,2026-09-23T08:45:56Z
107108451232,AttributeError,DhruvHegde/log-generation,dfcb6f158e4bd8054252a4da5d0a9edc2ab15d57,f3_test.yml,failure,F3,test,failure,AttributeError,logs/F3/107108451232.log,metadata/F3/107108451232.json,2026-09-23T08:45:27Z
107108451283,AssertionError,DhruvHegde/log-generation,dfcb6f158e4bd8054252a4da5d0a9edc2ab15d57,f3_test.yml,failure,F3,test,failure,AssertionError,logs/F3/107108451283.log,metadata/F3/107108451283.json,2026-09-23T08:44:56Z
107108451248,FileNotFoundError,DhruvHegde/log-generation,dfcb6f158e4bd8054252a4da5d0a9edc2ab15d57,f3_test.yml,failure,F3,test,failure,FileNotFoundError,logs/F3/107108451248.log,metadata/F3/107108451248.json,2026-09-23T08:45:21Z
107108458597,IndexError,DhruvHegde/log-generation,dfcb6f158e4bd8054252a4da5d0a9edc2ab15d57,f3_test.yml,failure,F3,test,failure,IndexError,logs/F3/107108458597.log,metadata/F3/107108458597.json,2026-09-23T08:45:35Z
107108458620,IndexError,DhruvHegde/log-generation,dfcb6f158e4bd8054252a4da5d0a9edc2ab15d57,f3_test.yml,failure,F3,test,failure,IndexError,logs/F3/107108458620.log,metadata/F3/107108458620.json,2026-09-23T08:45:50Z
107108458602,AssertionError,DhruvHegde/log-generation,dfcb6f158e4bd8054252a4da5d0a9edc2ab15d57,f3_test.yml,failure,F3,test,failure,AssertionError,logs/F3/107108458602.log,metadata/F3/107108458602.json,2026-09-23T08:45:37Z
107108458751,AttributeError,DhruvHegde/log-generation,dfcb6f158e4bd8054252a4da5d0a9edc2ab15d57,f3_test.yml,failure,F3,test,failure,AttributeError,logs/F3/107108458751.log,metadata/F3/107108458751.json,2026-09-23T08:45:36Z
107108458750,ValueError,DhruvHegde/log-generation,dfcb6f158e4bd8054252a4da5d0a9edc2ab15d57,f3_test.yml,failure,F3,test,failure,ValueError,logs/F3/107108458750.log,metadata/F3/107108458750.json,2026-09-23T08:45:14Z
107108458692,TypeError,DhruvHegde/log-generation,dfcb6f158e4bd8054252a4da5d0a9edc2ab15d57,f3_test.yml,failure,F3,test,failure,TypeError,logs/F3/107108458692.log,metadata/F3/107108458692.json,2026-09-23T08:45:43Z
107108458691,TypeError,DhruvHegde/log-generation,dfcb6f158e4bd8054252a4da5d0a9edc2ab15d57,f3_test.yml,failure,F3,test,failure,TypeError,logs/F3/107108458691.log,metadata/F3/107108458691.json,2026-09-23T08:45:46Z
107108458674,KeyError,DhruvHegde/log-generation,dfcb6f158e4bd8054252a4da5d0a9edc2ab15d57,f3_test.yml,failure,F3,test,failure,KeyError,logs/F3/107108458674.log,metadata/F3/107108458674.json,2026-09-23T08:45:54Z
107108458719,AttributeError,DhruvHegde/log-generation,dfcb6f158e4bd8054252a4da5d0a9edc2ab15d57,f3_test.yml,failure,F3,test,failure,AttributeError,logs/F3/107108458719.log,metadata/F3/107108458719.json,2026-09-23T08:46:01Z
107108458680,KeyError,DhruvHegde/log-generation,dfcb6f158e4bd8054252a4da5d0a9edc2ab15d57,f3_test.yml,failure,F3,test,failure,KeyError,logs/F3/107108458680.log,metadata/F3/107108458680.json,2026-09-23T08:45:50Z
107108458794,FileNotFoundError,DhruvHegde/log-generation,dfcb6f158e4bd8054252a4da5d0a9edc2ab15d57,f3_test.yml,failure,F3,test,failure,FileNotFoundError,logs/F3/107108458794.log,metadata/F3/107108458794.json,2026-09-23T08:45:38Z
107108458731,AssertionError,DhruvHegde/log-generation,dfcb6f158e4bd8054252a4da5d0a9edc2ab15d57,f3_test.yml,failure,F3,test,failure,AssertionError,logs/F3/107108458731.log,metadata/F3/107108458731.json,2026-09-23T08:45:47Z
107108458638,FileNotFoundError,DhruvHegde/log-generation,dfcb6f158e4bd8054252a4da5d0a9edc2ab15d57,f3_test.yml,failure,F3,test,failure,FileNotFoundError,logs/F3/107108458638.log,metadata/F3/107108458638.json,2026-09-23T08:45:37Z
107108458787,ValueError,DhruvHegde/log-generation,dfcb6f158e4bd8054252a4da5d0a9edc2ab15d57,f3_test.yml,failure,F3,test,failure,ValueError,logs/F3/107108458787.log,metadata/F3/107108458787.json,2026-09-23T08:45:47Z
107108458769,ZeroDivisionError,DhruvHegde/log-generation,dfcb6f158e4bd8054252a4da5d0a9edc2ab15d57,f3_test.yml,failure,F3,test,failure,ZeroDivisionError,logs/F3/107108458769.log,metadata/F3/107108458769.json,2026-09-23T08:45:49Z
107108458840,IndexError,DhruvHegde/log-generation,dfcb6f158e4bd8054252a4da5d0a9edc2ab15d57,f3_test.yml,failure,F3,test,failure,IndexError,logs/F3/107108458840.log,metadata/F3/107108458840.json,2026-09-23T08:45:41Z
107108458828,AssertionError,DhruvHegde/log-generation,dfcb6f158e4bd8054252a4da5d0a9edc2ab15d57,f3_test.yml,failure,F3,test,failure,AssertionError,logs/F3/107108458828.log,metadata/F3/107108458828.json,2026-09-23T08:45:32Z
107108458827,FileNotFoundError,DhruvHegde/log-generation,dfcb6f158e4bd8054252a4da5d0a9edc2ab15d57,f3_test.yml,failure,F3,test,failure,FileNotFoundError,logs/F3/107108458827.log,metadata/F3/107108458827.json,2026-09-23T08:45:23Z
107108458802,FileNotFoundError,DhruvHegde/log-generation,dfcb6f158e4bd8054252a4da5d0a9edc2ab15d57,f3_test.yml,failure,F3,test,failure,FileNotFoundError,logs/F3/107108458802.log,metadata/F3/107108458802.json,2026-09-23T08:45:46Z
107108458804,AssertionError,DhruvHegde/log-generation,dfcb6f158e4bd8054252a4da5d0a9edc2ab15d57,f3_test.yml,failure,F3,test,failure,AssertionError,logs/F3/107108458804.log,metadata/F3/107108458804.json,2026-09-23T08:45:30Z
107108458808,AssertionError,DhruvHegde/log-generation,dfcb6f158e4bd8054252a4da5d0a9edc2ab15d57,f3_test.yml,failure,F3,test,failure,AssertionError,logs/F3/107108458808.log,metadata/F3/107108458808.json,2026-09-23T08:45:36Z
107108458841,AttributeError,DhruvHegde/log-generation,dfcb6f158e4bd8054252a4da5d0a9edc2ab15d57,f3_test.yml,failure,F3,test,failure,AttributeError,logs/F3/107108458841.log,metadata/F3/107108458841.json,2026-09-23T08:45:55Z
107108458810,ZeroDivisionError,DhruvHegde/log-generation,dfcb6f158e4bd8054252a4da5d0a9edc2ab15d57,f3_test.yml,failure,F3,test,failure,ZeroDivisionError,logs/F3/107108458810.log,metadata/F3/107108458810.json,2026-09-23T08:45:38Z
107108458815,AssertionError,DhruvHegde/log-generation,dfcb6f158e4bd8054252a4da5d0a9edc2ab15d57,f3_test.yml,failure,F3,test,failure,AssertionError,logs/F3/107108458815.log,metadata/F3/107108458815.json,2026-09-23T08:45:51Z
107108458775,KeyError,DhruvHegde/log-generation,dfcb6f158e4bd8054252a4da5d0a9edc2ab15d57,f3_test.yml,failure,F3,test,failure,KeyError,logs/F3/107108458775.log,metadata/F3/107108458775.json,2026-09-23T08:45:38Z
107108458842,KeyError,DhruvHegde/log-generation,dfcb6f158e4bd8054252a4da5d0a9edc2ab15d57,f3_test.yml,failure,F3,test,failure,KeyError,logs/F3/107108458842.log,metadata/F3/107108458842.json,2026-09-23T08:45:49Z
107108458847,AttributeError,DhruvHegde/log-generation,dfcb6f158e4bd8054252a4da5d0a9edc2ab15d57,f3_test.yml,failure,F3,test,failure,AttributeError,logs/F3/107108458847.log,metadata/F3/107108458847.json,2026-09-23T08:46:03Z
107108458878,ZeroDivisionError,DhruvHegde/log-generation,dfcb6f158e4bd8054252a4da5d0a9edc2ab15d57,f3_test.yml,failure,F3,test,failure,ZeroDivisionError,logs/F3/107108458878.log,metadata/F3/107108458878.json,2026-09-23T08:45:14Z
107108458856,KeyError,DhruvHegde/log-generation,dfcb6f158e4bd8054252a4da5d0a9edc2ab15d57,f3_test.yml,failure,F3,test,failure,KeyError,logs/F3/107108458856.log,metadata/F3/107108458856.json,2026-09-23T08:45:18Z
107108458879,ValueError,DhruvHegde/log-generation,dfcb6f158e4bd8054252a4da5d0a9edc2ab15d57,f3_test.yml,failure,F3,test,failure,ValueError,logs/F3/107108458879.log,metadata/F3/107108458879.json,2026-09-23T08:45:41Z
107108458884,AssertionError,DhruvHegde/log-generation,dfcb6f158e4bd8054252a4da5d0a9edc2ab15d57,f3_test.yml,failure,F3,test,failure,AssertionError,logs/F3/107108458884.log,metadata/F3/107108458884.json,2026-09-23T08:45:41Z
107108458858,AssertionError,DhruvHegde/log-generation,dfcb6f158e4bd8054252a4da5d0a9edc2ab15d57,f3_test.yml,failure,F3,test,failure,AssertionError,logs/F3/107108458858.log,metadata/F3/107108458858.json,2026-09-23T08:45:29Z
107108458863,IndexError,DhruvHegde/log-generation,dfcb6f158e4bd8054252a4da5d0a9edc2ab15d57,f3_test.yml,failure,F3,test,failure,IndexError,logs/F3/107108458863.log,metadata/F3/107108458863.json,2026-09-23T08:45:47Z
107108458865,ZeroDivisionError,DhruvHegde/log-generation,dfcb6f158e4bd8054252a4da5d0a9edc2ab15d57,f3_test.yml,failure,F3,test,failure,ZeroDivisionError,logs/F3/107108458865.log,metadata/F3/107108458865.json,2026-09-23T08:45:40Z
107108458862,ZeroDivisionError,DhruvHegde/log-generation,dfcb6f158e4bd8054252a4da5d0a9edc2ab15d57,f3_test.yml,failure,F3,test,failure,ZeroDivisionError,logs/F3/107108458862.log,metadata/F3/107108458862.json,2026-09-23T08:45:35Z
107108458917,ValueError,DhruvHegde/log-generation,dfcb6f158e4bd8054252a4da5d0a9edc2ab15d57,f3_test.yml,failure,F3,test,failure,ValueError,logs/F3/107108458917.log,metadata/F3/107108458917.json,2026-09-23T08:45:48Z
107108458965,AssertionError,DhruvHegde/log-generation,dfcb6f158e4bd8054252a4da5d0a9edc2ab15d57,f3_test.yml,failure,F3,test,failure,AssertionError,logs/F3/107108458965.log,metadata/F3/107108458965.json,2026-09-23T08:45:38Z
107108458928,KeyError,DhruvHegde/log-generation,dfcb6f158e4bd8054252a4da5d0a9edc2ab15d57,f3_test.yml,failure,F3,test,failure,KeyError,logs/F3/107108458928.log,metadata/F3/107108458928.json,2026-09-23T08:45:59Z
107108459003,KeyError,DhruvHegde/log-generation,dfcb6f158e4bd8054252a4da5d0a9edc2ab15d57,f3_test.yml,failure,F3,test,failure,KeyError,logs/F3/107108459003.log,metadata/F3/107108459003.json,2026-09-23T08:45:39Z
107108458984,ZeroDivisionError,DhruvHegde/log-generation,dfcb6f158e4bd8054252a4da5d0a9edc2ab15d57,f3_test.yml,failure,F3,test,failure,ZeroDivisionError,logs/F3/107108458984.log,metadata/F3/107108458984.json,2026-09-23T08:45:45Z
107108458931,ValueError,DhruvHegde/log-generation,dfcb6f158e4bd8054252a4da5d0a9edc2ab15d57,f3_test.yml,failure,F3,test,failure,ValueError,logs/F3/107108458931.log,metadata/F3/107108458931.json,2026-09-23T08:45:54Z
107108459016,AttributeError,DhruvHegde/log-generation,dfcb6f158e4bd8054252a4da5d0a9edc2ab15d57,f3_test.yml,failure,F3,test,failure,AttributeError,logs/F3/107108459016.log,metadata/F3/107108459016.json,2026-09-23T08:45:36Z
107108459093,AssertionError,DhruvHegde/log-generation,dfcb6f158e4bd8054252a4da5d0a9edc2ab15d57,f3_test.yml,failure,F3,test,failure,AssertionError,logs/F3/107108459093.log,metadata/F3/107108459093.json,2026-09-23T08:45:56Z
107108458966,ZeroDivisionError,DhruvHegde/log-generation,dfcb6f158e4bd8054252a4da5d0a9edc2ab15d57,f3_test.yml,failure,F3,test,failure,ZeroDivisionError,logs/F3/107108458966.log,metadata/F3/107108458966.json,2026-09-23T08:46:04Z
107108459135,ZeroDivisionError,DhruvHegde/log-generation,dfcb6f158e4bd8054252a4da5d0a9edc2ab15d57,f3_test.yml,failure,F3,test,failure,ZeroDivisionError,logs/F3/107108459135.log,metadata/F3/107108459135.json,2026-09-23T08:45:58Z
107108459109,ValueError,DhruvHegde/log-generation,dfcb6f158e4bd8054252a4da5d0a9edc2ab15d57,f3_test.yml,failure,F3,test,failure,ValueError,logs/F3/107108459109.log,metadata/F3/107108459109.json,2026-09-23T08:45:55Z
107108459054,AttributeError,DhruvHegde/log-generation,dfcb6f158e4bd8054252a4da5d0a9edc2ab15d57,f3_test.yml,failure,F3,test,failure,AttributeError,logs/F3/107108459054.log,metadata/F3/107108459054.json,2026-09-23T08:46:32Z
107108458938,IndexError,DhruvHegde/log-generation,dfcb6f158e4bd8054252a4da5d0a9edc2ab15d57,f3_test.yml,failure,F3,test,failure,IndexError,logs/F3/107108458938.log,metadata/F3/107108458938.json,2026-09-23T08:45:34Z
107108458967,ValueError,DhruvHegde/log-generation,dfcb6f158e4bd8054252a4da5d0a9edc2ab15d57,f3_test.yml,failure,F3,test,failure,ValueError,logs/F3/107108458967.log,metadata/F3/107108458967.json,2026-09-23T08:45:47Z
107108459026,TypeError,DhruvHegde/log-generation,dfcb6f158e4bd8054252a4da5d0a9edc2ab15d57,f3_test.yml,failure,F3,test,failure,TypeError,logs/F3/107108459026.log,metadata/F3/107108459026.json,2026-09-23T08:45:30Z
107108460225,IndexError,DhruvHegde/log-generation,dfcb6f158e4bd8054252a4da5d0a9edc2ab15d57,f3_test.yml,failure,F3,test,failure,IndexError,logs/F3/107108460225.log,metadata/F3/107108460225.json,2026-09-23T08:45:58Z
107108459009,AttributeError,DhruvHegde/log-generation,dfcb6f158e4bd8054252a4da5d0a9edc2ab15d57,f3_test.yml,failure,F3,test,failure,AttributeError,logs/F3/107108459009.log,metadata/F3/107108459009.json,2026-09-23T08:45:30Z
107108458999,ZeroDivisionError,DhruvHegde/log-generation,dfcb6f158e4bd8054252a4da5d0a9edc2ab15d57,f3_test.yml,failure,F3,test,failure,ZeroDivisionError,logs/F3/107108458999.log,metadata/F3/107108458999.json,2026-09-23T08:45:32Z
107108459044,ValueError,DhruvHegde/log-generation,dfcb6f158e4bd8054252a4da5d0a9edc2ab15d57,f3_test.yml,failure,F3,test,failure,ValueError,logs/F3/107108459044.log,metadata/F3/107108459044.json,2026-09-23T08:45:27Z
107108459037,FileNotFoundError,DhruvHegde/log-generation,dfcb6f158e4bd8054252a4da5d0a9edc2ab15d57,f3_test.yml,failure,F3,test,failure,FileNotFoundError,logs/F3/107108459037.log,metadata/F3/107108459037.json,2026-09-23T08:45:45Z
107108458942,ValueError,DhruvHegde/log-generation,dfcb6f158e4bd8054252a4da5d0a9edc2ab15d57,f3_test.yml,failure,F3,test,failure,ValueError,logs/F3/107108458942.log,metadata/F3/107108458942.json,2026-09-23T08:45:54Z
107108459041,IndexError,DhruvHegde/log-generation,dfcb6f158e4bd8054252a4da5d0a9edc2ab15d57,f3_test.yml,failure,F3,test,failure,IndexError,logs/F3/107108459041.log,metadata/F3/107108459041.json,2026-09-23T08:45:58Z
